{"specimen_id": 717038288, "visual_area_code": "VISal", "visual_area": "AL", "n_trials": 50, "n_images": 118, "n_units": 80, "time_window_idx": [8, 20], "time_window_s": [0.08499999999999999, 0.20500000000000002], "unit_ids": [915964451, 915964440, 915965089, 915964468, 915964461, 915965094, 915964480, 915964495, 915964487, 915964509, 915964506, 915964503, 915964501, 915964522, 915964519, 915964514, 915964498, 915965103, 915964554, 915964551, 915964546, 915964584, 915964574, 915964594, 915964591, 915965123, 915964649, 915964646, 915964625, 915964620, 915964640, 915964630, 915964627, 915964614, 915965128, 915964659, 915964696, 915964673, 915964665, 915964662, 915964686, 915964683, 915964706, 915965132, 915964723, 915965150, 915965147, 915965136, 915964716, 915964712, 915964693, 915964750, 915964745, 915964737, 915964762, 915964757, 915964753, 915964730, 915964779, 915964775, 915964790, 915964808, 915964795, 915965153, 915964838, 915965156, 915964832, 915964817, 915964851, 915964812, 915964841, 915965160, 915964883, 915964878, 915964876, 915964872, 915965168, 915964893, 915964920, 915964917], "frame_id_values": [0, 1, 2, 3, 4, 5, 6, 7, 8, 9, 10, 11, 12, 13, 14, 15, 16, 17, 18, 19, 20, 21, 22, 23, 24, 25, 26, 27, 28, 29, 30, 31, 32, 33, 34, 35, 36, 37, 38, 39, 40, 41, 42, 43, 44, 45, 46, 47, 48, 49, 50, 51, 52, 53, 54, 55, 56, 57, 58, 59, 60, 61, 62, 63, 64, 65, 66, 67, 68, 69, 70, 71, 72, 73, 74, 75, 76, 77, 78, 79, 80, 81, 82, 83, 84, 85, 86, 87, 88, 89, 90, 91, 92, 93, 94, 95, 96, 97, 98, 99, 100, 101, 102, 103, 104, 105, 106, 107, 108, 109, 110, 111, 112, 113, 114, 115, 116, 117], "area_unit_threshold_p75": 80, "window_median_thr": 0.3, "per_unit_thr": 0.3, "n_bootstrap": 100, "reliability_seed": 0, "equalized_to_p75": false, "equalize_seed": 0}