{"specimen_id": 734865738, "visual_area_code": "VISam", "visual_area": "AM", "n_trials": 50, "n_images": 118, "n_units": 67, "time_window_idx": [8, 21], "time_window_s": [0.08499999999999999, 0.21500000000000002], "unit_ids": [951816988, 951817042, 951817026, 951817018, 951817177, 951817159, 951817153, 951817219, 951817233, 951817257, 951817303, 951817350, 951817341, 951818214, 951817332, 951817324, 951817376, 951817367, 951817489, 951817431, 951817422, 951817396, 951817447, 951817440, 951817643, 951817514, 951817506, 951817482, 951818241, 951817532, 951817473, 951817589, 951817568, 951817559, 951817551, 951817634, 951817614, 951817605, 951817597, 951817693, 951817677, 951817651, 951817748, 951817712, 951817798, 951817823, 951817813, 951818248, 951817731, 951818268, 951818261, 951817867, 951817785, 951817927, 951817918, 951818276, 951817909, 951817953, 951817981, 951818350, 951818336, 951818307, 951818031, 951818068, 951818058, 951818049, 951818083], "frame_id_values": [0, 1, 2, 3, 4, 5, 6, 7, 8, 9, 10, 11, 12, 13, 14, 15, 16, 17, 18, 19, 20, 21, 22, 23, 24, 25, 26, 27, 28, 29, 30, 31, 32, 33, 34, 35, 36, 37, 38, 39, 40, 41, 42, 43, 44, 45, 46, 47, 48, 49, 50, 51, 52, 53, 54, 55, 56, 57, 58, 59, 60, 61, 62, 63, 64, 65, 66, 67, 68, 69, 70, 71, 72, 73, 74, 75, 76, 77, 78, 79, 80, 81, 82, 83, 84, 85, 86, 87, 88, 89, 90, 91, 92, 93, 94, 95, 96, 97, 98, 99, 100, 101, 102, 103, 104, 105, 106, 107, 108, 109, 110, 111, 112, 113, 114, 115, 116, 117], "area_unit_threshold_p75": 67, "window_median_thr": 0.3, "per_unit_thr": 0.3, "n_bootstrap": 100, "reliability_seed": 0, "equalized_to_p75": false, "equalize_seed": 0}