{"specimen_id": 744915204, "visual_area_code": "VISrl", "visual_area": "RL", "n_trials": 50, "n_images": 118, "n_units": 60, "time_window_idx": [7, 15], "time_window_s": [0.07500000000000001, 0.15500000000000003], "unit_ids": [951855350, 951855423, 951855579, 951855604, 951855591, 951855674, 951855640, 951855627, 951855720, 951855760, 951855783, 951855729, 951855794, 951855812, 951855771, 951855845, 951855880, 951857884, 951855917, 951855999, 951855982, 951858804, 951856016, 951856007, 951856093, 951856082, 951856072, 951856202, 951856129, 951856120, 951856112, 951856036, 951857916, 951856163, 951856152, 951856247, 951856212, 951856257, 951858818, 951857964, 951856372, 951858829, 951858005, 951857994, 951856435, 951856423, 951856323, 951858016, 951856447, 951857979, 951856415, 951856502, 951856490, 951858579, 951856479, 951856566, 951858857, 951858089, 951856842, 951856852], "frame_id_values": [0, 1, 2, 3, 4, 5, 6, 7, 8, 9, 10, 11, 12, 13, 14, 15, 16, 17, 18, 19, 20, 21, 22, 23, 24, 25, 26, 27, 28, 29, 30, 31, 32, 33, 34, 35, 36, 37, 38, 39, 40, 41, 42, 43, 44, 45, 46, 47, 48, 49, 50, 51, 52, 53, 54, 55, 56, 57, 58, 59, 60, 61, 62, 63, 64, 65, 66, 67, 68, 69, 70, 71, 72, 73, 74, 75, 76, 77, 78, 79, 80, 81, 82, 83, 84, 85, 86, 87, 88, 89, 90, 91, 92, 93, 94, 95, 96, 97, 98, 99, 100, 101, 102, 103, 104, 105, 106, 107, 108, 109, 110, 111, 112, 113, 114, 115, 116, 117], "area_unit_threshold_p75": 60, "window_median_thr": 0.7, "equalized_to_p75": false, "equalize_seed": 0}