{"specimen_id": 719828690, "visual_area_code": "VISp", "visual_area": "V1", "n_trials": 50, "n_images": 118, "n_units": 102, "time_window_idx": [7, 23], "time_window_s": [0.07500000000000001, 0.23500000000000001], "unit_ids": [951795075, 951795086, 951795163, 951795140, 951795098, 951795238, 951795222, 951795212, 951795290, 951795281, 951795269, 951795256, 951795317, 951795309, 951797419, 951795403, 951795474, 951795458, 951795495, 951795487, 951795545, 951795563, 951795680, 951795554, 951795663, 951795611, 951797465, 951795721, 951795713, 951795706, 951795688, 951795775, 951795768, 951795760, 951795873, 951795747, 951795737, 951795729, 951795832, 951795824, 951795807, 951795800, 951795792, 951795782, 951795753, 951795896, 951795886, 951795880, 951795858, 951795839, 951797553, 951797539, 951797520, 951795918, 951797567, 951795976, 951795967, 951795943, 951795936, 951796016, 951797489, 951795995, 951795986, 951796125, 951796073, 951796176, 951796165, 951796156, 951797613, 951797595, 951796229, 951797633, 951796282, 951796473, 951796352, 951797664, 951797647, 951796333, 951796432, 951797718, 951796494, 951797709, 951797730, 951796556, 951796542, 951796684, 951796639, 951796629, 951797742, 951796585, 951796696, 951796660, 951797764, 951797776, 951796791, 951797995, 951797811, 951796866, 951796928, 951796906, 951796949, 951798053], "frame_id_values": [0, 1, 2, 3, 4, 5, 6, 7, 8, 9, 10, 11, 12, 13, 14, 15, 16, 17, 18, 19, 20, 21, 22, 23, 24, 25, 26, 27, 28, 29, 30, 31, 32, 33, 34, 35, 36, 37, 38, 39, 40, 41, 42, 43, 44, 45, 46, 47, 48, 49, 50, 51, 52, 53, 54, 55, 56, 57, 58, 59, 60, 61, 62, 63, 64, 65, 66, 67, 68, 69, 70, 71, 72, 73, 74, 75, 76, 77, 78, 79, 80, 81, 82, 83, 84, 85, 86, 87, 88, 89, 90, 91, 92, 93, 94, 95, 96, 97, 98, 99, 100, 101, 102, 103, 104, 105, 106, 107, 108, 109, 110, 111, 112, 113, 114, 115, 116, 117], "area_unit_threshold_p75": 84, "window_median_thr": 0.3, "per_unit_thr": 0.3, "n_bootstrap": 100, "reliability_seed": 0, "equalized_to_p75": false, "equalize_seed": 0}