{
  "patch_size": 32,
  "blur_sigma": 1.95,
  "blur_ker": 29,
  "noise_std": 0.21428571428571427,
  "per_sf_error": {
    "0.31": 0.07242671484859431,
    "0.22": 0.018840291775622076,
    "0.11": 0.017525944519758863,
    "0.098": 0.037767314388879036,
    "0.066": 0.014922901335746364,
    "0.031": 0.4285329990839647
  }
}