{
  "blur_sigma": 1.0,
  "noise_std": 0.255,
  "per_sf_error": {
    "0.031": 0.05571428571428569,
    "0.066": 0.10285714285714284,
    "0.098": 0.09285714285714285,
    "0.11": 0.07285714285714284,
    "0.22": 0.03785714285714285,
    "0.31": 0.05571428571428569
  }
}