{
  "patch_size": 28,
  "blur_sigma": 1.681547619047619,
  "blur_ker": 29,
  "noise_std": 0.20124999999999998,
  "per_sf_error": {
    "0.31": 0.018716622050640952,
    "0.22": 0.0016490691886686948,
    "0.11": 0.00045012989235426737,
    "0.098": 0.11763453183159234,
    "0.066": 0.22216922180237875,
    "0.031": 0.4654150767874946
  }
}