{
  "patch_size": 24,
  "blur_sigma": 1.76,
  "blur_ker": 11,
  "noise_std": 0.250,
  "per_sf_error": {
    "0.31": 0.011539717262592175,
    "0.22": 0.021612681209094875,
    "0.11": 0.0015724167816326684,
    "0.098": 0.14404087344068994,
    "0.066": 0.21621352013927142,
    "0.031": 0.09271892832394213
  }
}