{"specimen_id": 699733581, "visual_area_code": "VISrl", "visual_area": "RL", "n_trials": 50, "n_images": 118, "n_units": 76, "time_window_idx": [7, 20], "time_window_s": [0.07500000000000001, 0.20500000000000002], "unit_ids": [950950919, 950951153, 950953187, 950951364, 950951511, 950951525, 950951613, 950951636, 950951577, 950951702, 950951678, 950951791, 950951829, 950951851, 950951840, 950951902, 950951891, 950951879, 950951979, 950951950, 950951940, 950953293, 950952002, 950952213, 950952312, 950952256, 950952386, 950953417, 950952336, 950952241, 950955414, 950955543, 950955784, 950957270, 950955844, 950955833, 950955897, 950955974, 950955965, 950955951, 950956019, 950956100, 950956043, 950956030, 950956399, 950956205, 950956148, 950956297, 950956259, 950957282, 950956336, 950957295, 950956413, 950956386, 950956435, 950957320, 950956563, 950956541, 950956527, 950956504, 950956493, 950956630, 950956616, 950956604, 950956592, 950956680, 950956667, 950956514, 950956778, 950957408, 950956835, 950956911, 950956870, 950956845, 950956952, 950957053], "frame_id_values": [0, 1, 2, 3, 4, 5, 6, 7, 8, 9, 10, 11, 12, 13, 14, 15, 16, 17, 18, 19, 20, 21, 22, 23, 24, 25, 26, 27, 28, 29, 30, 31, 32, 33, 34, 35, 36, 37, 38, 39, 40, 41, 42, 43, 44, 45, 46, 47, 48, 49, 50, 51, 52, 53, 54, 55, 56, 57, 58, 59, 60, 61, 62, 63, 64, 65, 66, 67, 68, 69, 70, 71, 72, 73, 74, 75, 76, 77, 78, 79, 80, 81, 82, 83, 84, 85, 86, 87, 88, 89, 90, 91, 92, 93, 94, 95, 96, 97, 98, 99, 100, 101, 102, 103, 104, 105, 106, 107, 108, 109, 110, 111, 112, 113, 114, 115, 116, 117], "area_unit_threshold_p75": 67, "window_median_thr": 0.29, "equalized_to_p75": false, "equalize_seed": 0}